<?xml version="1.0" encoding="UTF-8"?>
<beans xmlns="http://www.springframework.org/schema/beans"
	xmlns:context="http://www.springframework.org/schema/context"
	xmlns:xsi="http://www.w3.org/2001/XMLSchema-instance"

	xsi:schemaLocation=" http://www.springframework.org/schema/beans 
	http://www.springframework.org/schema/beans/spring-beans.xsd
	http://www.springframework.org/schema/context http://www.springframework.org/schema/context/spring-context.xsd">


	<context:component-scan base-package="com.ikbal" />

	<context:property-placeholder location="classpath:admin.properties" />

	<bean id="factory"
		class="org.springframework.orm.hibernate4.LocalSessionFactoryBean">
		<property name="configLocations" value="classpath:/hibernate/hibernate.cfg.xml"></property>
	</bean>
	

	<bean id="mailSender" class="org.springframework.mail.javamail.JavaMailSenderImpl">
		<property name="host" value="smtp.gmail.com" />
		<property name="username" value="mdtoufiqueikbal@gmail.com" />
		<property name="password" value="********" />
		<property name="javaMailProperties">
			<props>
				<prop key="mail.smtp.auth">true</prop>
				<prop key="mail.smtp.socketFactory.port">465</prop>
				<prop key="mail.smtp.socketFactory.class">javax.net.ssl.SSLSocketFactory</prop>
				<prop key="mail.smtp.port">465</prop>
			</props>
		</property>
	</bean>

	<bean id="sender" class="org.springframework.mail.SimpleMailMessage">
	<!-- 	<property name="mailSender" ref="mailSender" /> -->
	</bean>

	<!-- <bean id="createResourceDTO"
	class="com.ikbal.admin.createResource.dto.CreateResourceDTO"></bean> -->

</beans>